Refusal,Topic,Keyword,System,User,Assistant,回答依據,
FALSE,票據,票價,您是幫助人們查找資訊的 AI 助手。提供詳細的答案，以便使用者無需在外部搜索即可瞭解答案。,從A1 臺北車站到A16 橫山的價錢是多少？,桃園捷運的單程票價範圍是新台幣30元到160元，具體取決於旅程距離​​。最便宜的票價是30元，這是在同一站進出時的費用。最昂貴的票價是160元，這是從臺北車站到桃園國際機場的費用。,"畫面顯示：桃捷官網 - 票價表
 https://www.tymetro.com.tw/tymetro-new/tw/_images/document/travel-guide/price.pdf",
FALSE,票據,車票使用規則,您是幫助人們查找資訊的 AI 助手。提供詳細的答案，以便使用者無需在外部搜索即可瞭解答案。,身高幾公分以下的兒童免費坐？,未滿6歲之兒童且身高未滿115公分的兒童可以免費乘坐，但必須由已購票的旅客陪同。若無已購票旅客陪同者，不得單獨乘車,"畫面顯示：桃捷官網 - 票價與票種 - 車票使用規則
 https://www.tymetro.com.tw/tymetro-new/tw/_pages/travel-guide/ticket.php#ticket_rule01",
FALSE,票據,車票使用規則,您是幫助人們查找資訊的 AI 助手。提供詳細的答案，以便使用者無需在外部搜索即可瞭解答案。,幾歲以下的兒童免費坐？,未滿6歲之兒童且身高未滿115公分的兒童可以免費乘坐，但必須由已購票的旅客陪同。若無已購票旅客陪同者，不得單獨乘車,"畫面顯示：桃捷官網 - 票價與票種 - 車票使用規則
 https://www.tymetro.com.tw/tymetro-new/tw/_pages/travel-guide/ticket.php#ticket_rule01",
FALSE,票據,車票使用規則,您是幫助人們查找資訊的 AI 助手。提供詳細的答案，以便使用者無需在外部搜索即可瞭解答案。,單程票不見了怎麼辦？,若旅客遺失或毀損單程票，需在補票時加收單程票工本費​,"畫面顯示：桃捷官網 - 票價與票種 - 車票使用規則
 https://www.tymetro.com.tw/tymetro-new/tw/_pages/travel-guide/ticket.php#ticket_rule01",
FALSE,票據,車票使用規則,您是幫助人們查找資訊的 AI 助手。提供詳細的答案，以便使用者無需在外部搜索即可瞭解答案。,單程票的停留時限有多久？,不同車站進出的最大停留時限為2小時,"畫面顯示：桃捷官網 - 票價與票種 - 車票使用規則
 https://www.tymetro.com.tw/tymetro-new/tw/_pages/travel-guide/ticket.php#ticket_rule01",
FALSE,票據,票種,您是幫助人們查找資訊的 AI 助手。提供詳細的答案，以便使用者無需在外部搜索即可瞭解答案。,車票種類有哪些？,"根據桃園捷運的官方網站，桃園捷運提供以下幾種車票類型：

1.單程票：適用於搭乘一次之旅客，包含兒童單程優待票及敬老愛心優待票。
2.一日票：啟用後於當日營運結束前可不限區間、不限次數、不限車種搭乘。
3.電子票證：包含悠遊卡、一卡通、icash2.0 等3種電子票證，票卡可重複加值使用。
4.基北北桃都會通：由基北北桃四市政府發行。
5.桃竹竹苗通勤定期票：由桃竹竹苗地方政府發行。
6.桃捷自有定期票/團體票：包括通勤定期票優惠專案以及團體票優惠。
7.其他票種：包括桃園機場捷運與臺北捷運聯合套票及回數票。
8.行動支付信用卡：包含VISA、Mastercard、銀聯、JCB等。
9.乘車碼：包含LINE Pay、一卡通MONEY、支付寶等。","畫面顯示：桃捷官網 - 票價與票種
 https://www.tymetro.com.tw/tymetro-new/tw/_pages/travel-guide/ticket.php",
FALSE,票據,退票 - 行動支付/信用卡,您是幫助人們查找資訊的 AI 助手。提供詳細的答案，以便使用者無需在外部搜索即可瞭解答案。,信用卡怎麼退票？,"建議您直接聯繫桃園捷運客服中心，以獲得關於信用卡和行動支付退票的具體指引。您可以撥打他們的客服專線或訪問桃園捷運的官方網站以獲取更詳細的信息。

桃園捷運客服專線: 03-286-8789","畫面顯示：桃捷官網 - 行動支付/信用卡退費服務
 https://www.mdstymetrotickets.com.tw/TYMC_CRM/CRM_Code/ServiceAdd.aspx",
FALSE,票據,退票 - 行動支付/信用卡,您是幫助人們查找資訊的 AI 助手。提供詳細的答案，以便使用者無需在外部搜索即可瞭解答案。,行動支付怎麼退票？,"建議您直接聯繫桃園捷運客服中心，以獲得關於信用卡和行動支付退票的具體指引。您可以撥打他們的客服專線或訪問桃園捷運的官方網站以獲取更詳細的信息。

桃園捷運客服專線: 03-286-8789","畫面顯示：桃捷官網 - 行動支付/信用卡退費服務
 https://www.mdstymetrotickets.com.tw/TYMC_CRM/CRM_Code/ServiceAdd.aspx",
FALSE,票據,退票 - 一般單程票,您是幫助人們查找資訊的 AI 助手。提供詳細的答案，以便使用者無需在外部搜索即可瞭解答案。,可以退票嗎？,旅客持有單程票與團體票，除非因桃園捷運公司的原因，一經使用後概不退費。未使用的單程票限於購票當日辦理退費。若旅客中途出站，其票價差額也不予退還。旅客如需退費，應先向車站詢問處提出申請，退費時可能會扣除附加於車票的優待或折扣，並加收手續費,"畫面顯示：桃捷官網 - 票價與票種 - 關於車票使用規則
 https://www.tymetro.com.tw/tymetro-new/tw/_pages/travel-guide/ticket.php#ticket_rule01",
FALSE,票據,退票 - 一般單程票,您是幫助人們查找資訊的 AI 助手。提供詳細的答案，以便使用者無需在外部搜索即可瞭解答案。,要怎麼退票？,旅客持有單程票與團體票，除非因桃園捷運公司的原因，一經使用後概不退費。未使用的單程票限於購票當日辦理退費。若旅客中途出站，其票價差額也不予退還。旅客如需退費，應先向車站詢問處提出申請，退費時可能會扣除附加於車票的優待或折扣，並加收手續費,"畫面顯示：桃捷官網 - 票價與票種 - 關於車票使用規則
 https://www.tymetro.com.tw/tymetro-new/tw/_pages/travel-guide/ticket.php#ticket_rule01",
FALSE,票據,退票 - 一般單程票,您是幫助人們查找資訊的 AI 助手。提供詳細的答案，以便使用者無需在外部搜索即可瞭解答案。,我要怎麼退票？,旅客持有單程票與團體票，除非因桃園捷運公司的原因，一經使用後概不退費。未使用的單程票限於購票當日辦理退費。若旅客中途出站，其票價差額也不予退還。旅客如需退費，應先向車站詢問處提出申請，退費時可能會扣除附加於車票的優待或折扣，並加收手續費,"畫面顯示：桃捷官網 - 票價與票種 - 關於車票使用規則
 https://www.tymetro.com.tw/tymetro-new/tw/_pages/travel-guide/ticket.php#ticket_rule01",
FALSE,票據,補票,您是幫助人們查找資訊的 AI 助手。提供詳細的答案，以便使用者無需在外部搜索即可瞭解答案。,可以補票嗎？,旅客若逾時出站或逾站乘車，需依照規定補足票價。逾時出站的最大時限為不同車站進出2小時，同一車站進出15分鐘。超過時限者需支付最低單程票價作為逾時手續費。逾站乘車需補足差額，補票金額為實際乘車區間車資減去旅客已付車資。票卡餘額不足者需至車站詢問處加值或以現金繳費後出站。若旅客無票、持用失效車票或冒用不符身分之車票乘車者，除補繳票價外，還需支付票價的50倍違約金,"畫面顯示：桃捷官網 - 票價與票種 - 關於車票使用規則
 https://www.tymetro.com.tw/tymetro-new/tw/_pages/travel-guide/ticket.php#ticket_rule01",
FALSE,票據,補票,您是幫助人們查找資訊的 AI 助手。提供詳細的答案，以便使用者無需在外部搜索即可瞭解答案。,要怎麼補票？,旅客若逾時出站或逾站乘車，需依照規定補足票價。逾時出站的最大時限為不同車站進出2小時，同一車站進出15分鐘。超過時限者需支付最低單程票價作為逾時手續費。逾站乘車需補足差額，補票金額為實際乘車區間車資減去旅客已付車資。票卡餘額不足者需至車站詢問處加值或以現金繳費後出站。若旅客無票、持用失效車票或冒用不符身分之車票乘車者，除補繳票價外，還需支付票價的50倍違約金,"畫面顯示：桃捷官網 - 票價與票種 - 關於車票使用規則
 https://www.tymetro.com.tw/tymetro-new/tw/_pages/travel-guide/ticket.php#ticket_rule01",
FALSE,票據,補票,您是幫助人們查找資訊的 AI 助手。提供詳細的答案，以便使用者無需在外部搜索即可瞭解答案。,我要怎麼補票？,旅客若逾時出站或逾站乘車，需依照規定補足票價。逾時出站的最大時限為不同車站進出2小時，同一車站進出15分鐘。超過時限者需支付最低單程票價作為逾時手續費。逾站乘車需補足差額，補票金額為實際乘車區間車資減去旅客已付車資。票卡餘額不足者需至車站詢問處加值或以現金繳費後出站。若旅客無票、持用失效車票或冒用不符身分之車票乘車者，除補繳票價外，還需支付票價的50倍違約金,"畫面顯示：桃捷官網 - 票價與票種 - 關於車票使用規則
 https://www.tymetro.com.tw/tymetro-new/tw/_pages/travel-guide/ticket.php#ticket_rule01",
FALSE,票據,餘額查詢,您是幫助人們查找資訊的 AI 助手。提供詳細的答案，以便使用者無需在外部搜索即可瞭解答案。,卡片餘額剩多少怎麼查?,"通常，電子票證（如悠遊卡、一卡通）的餘額可以透過以下方式查詢：

在捷運站的票卡加值機上查詢。
透過票證公司的官方網站或手機應用程式查詢。
利用部分便利商店的機台進行查詢。",,
FALSE,票據,餘額查詢,您是幫助人們查找資訊的 AI 助手。提供詳細的答案，以便使用者無需在外部搜索即可瞭解答案。,可以查我卡片剩多少錢嗎?,"通常，電子票證（如悠遊卡、一卡通）的餘額可以透過以下方式查詢：

在捷運站的票卡加值機上查詢。
透過票證公司的官方網站或手機應用程式查詢。
利用部分便利商店的機台進行查詢。",,
FALSE,票據,乘車碼,您是幫助人們查找資訊的 AI 助手。提供詳細的答案，以便使用者無需在外部搜索即可瞭解答案。,怎麼使用乘車碼？,使用LINE Pay或支付寶作為乘車碼付款時，旅客需在行動裝置上開啟相應的支付App，進行臉部辨識、指紋辨識、或輸入密碼解鎖，以開啟乘車碼功能。旅客進出站時，將乘車碼輕觸自動收費閘門的感應區，閘門確認有效性後自動開啟。桃捷公司將根據旅客的起迄站點按公告票價收費,"畫面顯示：桃捷官網 - 票價與票種 - 乘車碼
 https://www.tymetro.com.tw/tymetro-new/tw/_pages/travel-guide/ticketson06.php",
FALSE,票據,乘車碼,你是一個樂於助人的助手，總是提供解釋。想想你是在回答一個五歲的孩子。,乘車碼是什麼？,乘車碼是透過第三方支付/電子支付平台（如LINE Pay或支付寶）生成的數字或QR碼，用於支付桃園捷運的車資。旅客可以使用這些支付平台的App生成乘車碼，並在自動收費閘門上使用這個碼進出站,"畫面顯示：桃捷官網 - 票價與票種 - 乘車碼
 https://www.tymetro.com.tw/tymetro-new/tw/_pages/travel-guide/ticketson06.php",
FALSE,票據,其他票種,您是幫助人們查找資訊的 AI 助手。提供詳細的答案，以便使用者無需在外部搜索即可瞭解答案。,有賣桃園機場捷運與臺北捷運聯合套票嗎？,桃園機場捷運與臺北捷運聯合套票包括機捷來回票與北捷48或72小時票。售價分別為520元和600元。購票處包括A1台北車站、A12機場第一航廈站和A13機場第二航廈站。支付方式為現金。,"畫面顯示：桃捷官網 - 票價與票種 - 其他票種
 https://www.tymetro.com.tw/tymetro-new/tw/_pages/travel-guide/ticketson04.php",
FALSE,票據,其他票種,您是幫助人們查找資訊的 AI 助手。提供詳細的答案，以便使用者無需在外部搜索即可瞭解答案。,怎麼買桃園機場捷運與臺北捷運聯合套票？,桃園機場捷運與臺北捷運聯合套票包括機捷來回票與北捷48或72小時票。售價分別為520元和600元。購票處包括A1台北車站、A12機場第一航廈站和A13機場第二航廈站。支付方式為現金。,"畫面顯示：桃捷官網 - 票價與票種 - 其他票種
 https://www.tymetro.com.tw/tymetro-new/tw/_pages/travel-guide/ticketson04.php",
FALSE,票據,其他票種,您是幫助人們查找資訊的 AI 助手。提供詳細的答案，以便使用者無需在外部搜索即可瞭解答案。,我要怎麼買桃園機場捷運與臺北捷運聯合套票？,桃園機場捷運與臺北捷運聯合套票包括機捷來回票與北捷48或72小時票。售價分別為520元和600元。購票處包括A1台北車站、A12機場第一航廈站和A13機場第二航廈站。支付方式為現金。,"畫面顯示：桃捷官網 - 票價與票種 - 其他票種
 https://www.tymetro.com.tw/tymetro-new/tw/_pages/travel-guide/ticketson04.php",
FALSE,票據,其他票種,您是幫助人們查找資訊的 AI 助手。提供詳細的答案，以便使用者無需在外部搜索即可瞭解答案。,有賣回數票嗎？,"購票處：車站詢問處。
支付方式：現金、信用卡（VISA、Mastercard、JCB、銀聯）、NFC行動支付（Apple Pay、Samsung Pay、Google Pay）、電子支付及第三方支付（LINE Pay、一卡通MONEY、街口支付、支付寶）。
售價：指定站間單程票全票金額 × 10，有效次數12次，90天有效期。
退票：有效期限截止日起一年內退票，扣除已使用次數及手續費。
續購：需持原票卡至車站詢問處辦理。
注意事項：非記名、遺失不補發，不適用於機場捷運A12-A14a站間免費搭乘。","畫面顯示：桃捷官網 - 票價與票種 - 其他票種
 https://www.tymetro.com.tw/tymetro-new/tw/_pages/travel-guide/ticketson04.php",
FALSE,票據,其他票種,您是幫助人們查找資訊的 AI 助手。提供詳細的答案，以便使用者無需在外部搜索即可瞭解答案。,怎麼買回數票？,"購票處：車站詢問處。
支付方式：現金、信用卡（VISA、Mastercard、JCB、銀聯）、NFC行動支付（Apple Pay、Samsung Pay、Google Pay）、電子支付及第三方支付（LINE Pay、一卡通MONEY、街口支付、支付寶）。
售價：指定站間單程票全票金額 × 10，有效次數12次，90天有效期。
退票：有效期限截止日起一年內退票，扣除已使用次數及手續費。
續購：需持原票卡至車站詢問處辦理。
注意事項：非記名、遺失不補發，不適用於機場捷運A12-A14a站間免費搭乘。","畫面顯示：桃捷官網 - 票價與票種 - 其他票種
 https://www.tymetro.com.tw/tymetro-new/tw/_pages/travel-guide/ticketson04.php",
FALSE,票據,其他票種,您是幫助人們查找資訊的 AI 助手。提供詳細的答案，以便使用者無需在外部搜索即可瞭解答案。,我要怎麼買回數票？,"購票處：車站詢問處。
支付方式：現金、信用卡（VISA、Mastercard、JCB、銀聯）、NFC行動支付（Apple Pay、Samsung Pay、Google Pay）、電子支付及第三方支付（LINE Pay、一卡通MONEY、街口支付、支付寶）。
售價：指定站間單程票全票金額 × 10，有效次數12次，90天有效期。
退票：有效期限截止日起一年內退票，扣除已使用次數及手續費。
續購：需持原票卡至車站詢問處辦理。
注意事項：非記名、遺失不補發，不適用於機場捷運A12-A14a站間免費搭乘。","畫面顯示：桃捷官網 - 票價與票種 - 其他票種
 https://www.tymetro.com.tw/tymetro-new/tw/_pages/travel-guide/ticketson04.php",
FALSE,票據,其他票種,您是幫助人們查找資訊的 AI 助手。提供詳細的答案，以便使用者無需在外部搜索即可瞭解答案。,有賣自行車單程票嗎？,"購票處：車站詢問處（A12機場第一航廈站、A13機場第二航廈站、A14a機場旅館站無販售）。
支付方式：同上。
車票使用期限：發售當日營運時間內有效。
退票：未使用可辦理退票（手續費20元/張）。
注意事項：開放時間及限制車站、列車種類，以及其他攜帶自行車搭乘捷運注意事項。","畫面顯示：桃捷官網 - 票價與票種 - 其他票種
 https://www.tymetro.com.tw/tymetro-new/tw/_pages/travel-guide/ticketson04.php",
FALSE,票據,其他票種,您是幫助人們查找資訊的 AI 助手。提供詳細的答案，以便使用者無需在外部搜索即可瞭解答案。,怎麼買自行車單程票？,"購票處：車站詢問處（A12機場第一航廈站、A13機場第二航廈站、A14a機場旅館站無販售）。
支付方式：現金、信用卡（VISA、Mastercard、JCB、銀聯）、NFC行動支付（Apple Pay、Samsung Pay、Google Pay）、電子支付及第三方支付（LINE Pay、一卡通MONEY、街口支付、支付寶）。
車票使用期限：發售當日營運時間內有效。
退票：未使用可辦理退票（手續費20元/張）。
注意事項：開放時間及限制車站、列車種類，以及其他攜帶自行車搭乘捷運注意事項。","畫面顯示：桃捷官網 - 票價與票種 - 其他票種
 https://www.tymetro.com.tw/tymetro-new/tw/_pages/travel-guide/ticketson04.php",
FALSE,票據,其他票種,您是幫助人們查找資訊的 AI 助手。提供詳細的答案，以便使用者無需在外部搜索即可瞭解答案。,我要怎麼買自行車單程票？,"購票處：車站詢問處（A12機場第一航廈站、A13機場第二航廈站、A14a機場旅館站無販售）。
支付方式：現金、信用卡（VISA、Mastercard、JCB、銀聯）、NFC行動支付（Apple Pay、Samsung Pay、Google Pay）、電子支付及第三方支付（LINE Pay、一卡通MONEY、街口支付、支付寶）。
車票使用期限：發售當日營運時間內有效。
退票：未使用可辦理退票（手續費20元/張）。
注意事項：開放時間及限制車站、列車種類，以及其他攜帶自行車搭乘捷運注意事項。","畫面顯示：桃捷官網 - 票價與票種 - 其他票種
 https://www.tymetro.com.tw/tymetro-new/tw/_pages/travel-guide/ticketson04.php",
FALSE,票據,票卡異常,您是幫助人們查找資訊的 AI 助手。提供詳細的答案，以便使用者無需在外部搜索即可瞭解答案。,我的票卡異常無法感應出站,"若您的票卡在進出站時無法感應，請先確認票卡是否有足夠的餘額或是否在有效期限內。
檢查票卡是否有物理損壞，如折彎、刮傷或暴露於高溫等情況。
若以上條件均不符合，請攜帶票卡至最近的車站詢問處尋求協助。","畫面顯示：桃捷官網 - 票價與票種 - 關於車票使用規則
 https://www.tymetro.com.tw/tymetro-new/tw/_pages/travel-guide/ticket.php#ticket_rule01",
FALSE,票據,票卡異常,您是幫助人們查找資訊的 AI 助手。提供詳細的答案，以便使用者無需在外部搜索即可瞭解答案。,我的票卡異常無法感應進站,"若您的票卡在進出站時無法感應，請先確認票卡是否有足夠的餘額或是否在有效期限內。
檢查票卡是否有物理損壞，如折彎、刮傷或暴露於高溫等情況。
若以上條件均不符合，請攜帶票卡至最近的車站詢問處尋求協助。","畫面顯示：桃捷官網 - 票價與票種 - 關於車票使用規則
 https://www.tymetro.com.tw/tymetro-new/tw/_pages/travel-guide/ticket.php#ticket_rule01",
FALSE,票據,收據,您是幫助人們查找資訊的 AI 助手。提供詳細的答案，以便使用者無需在外部搜索即可瞭解答案。,請問有收據嗎?,桃園捷運的旅客可以在購票時向站務人員要求發行「票購證明」。此外，電子票擁有者在加值時也可以請求發行「加值證明」。若需要查詢超過6筆最近交易的詳細記錄，可至車站詢問處協助，但若查詢超過6個月前的交易記錄則需支付服務費,,
FALSE,票據,收據,您是幫助人們查找資訊的 AI 助手。提供詳細的答案，以便使用者無需在外部搜索即可瞭解答案。,有購票證明嗎?,桃園捷運的旅客可以在購票時向站務人員要求發行「票購證明」。此外，電子票擁有者在加值時也可以請求發行「加值證明」。若需要查詢超過6筆最近交易的詳細記錄，可至車站詢問處協助，但若查詢超過6個月前的交易記錄則需支付服務費,,
FALSE,票據,收據,您是幫助人們查找資訊的 AI 助手。提供詳細的答案，以便使用者無需在外部搜索即可瞭解答案。,有搭乘證明嗎?,桃園捷運的旅客可以在購票時向站務人員要求發行「票購證明」。此外，電子票擁有者在加值時也可以請求發行「加值證明」。若需要查詢超過6筆最近交易的詳細記錄，可至車站詢問處協助，但若查詢超過6個月前的交易記錄則需支付服務費,,
FALSE,票據,優待票種,您是幫助人們查找資訊的 AI 助手。提供詳細的答案，以便使用者無需在外部搜索即可瞭解答案。,我想買優待票,桃園捷運提供不同類型的優惠票，包括敬老票、兒童票、愛心票等。這些票種通常需要提供相關證明文件。敬老票定價為一般單程票的50%折扣，兒童票定價為一般單程票的20%折扣。若需購買這些票種，請前往車站詢問處進行購買和查詢,,
FALSE,票據,優待票種,您是幫助人們查找資訊的 AI 助手。提供詳細的答案，以便使用者無需在外部搜索即可瞭解答案。,我想買敬老票/老人票,桃園捷運提供不同類型的優惠票，包括敬老票、兒童票、愛心票等。這些票種通常需要提供相關證明文件。敬老票定價為一般單程票的50%折扣，兒童票定價為一般單程票的20%折扣。若需購買這些票種，請前往車站詢問處進行購買和查詢,,
FALSE,票據,優待票種,您是幫助人們查找資訊的 AI 助手。提供詳細的答案，以便使用者無需在外部搜索即可瞭解答案。,我想買兒童票/小孩票,桃園捷運提供不同類型的優惠票，包括敬老票、兒童票、愛心票等。這些票種通常需要提供相關證明文件。敬老票定價為一般單程票的50%折扣，兒童票定價為一般單程票的20%折扣。若需購買這些票種，請前往車站詢問處進行購買和查詢,,
FALSE,票據,優待票種,您是幫助人們查找資訊的 AI 助手。提供詳細的答案，以便使用者無需在外部搜索即可瞭解答案。,我想買愛心票/愛心陪伴票/愛陪票,桃園捷運提供不同類型的優惠票，包括敬老票、兒童票、愛心票等。這些票種通常需要提供相關證明文件。敬老票定價為一般單程票的50%折扣，兒童票定價為一般單程票的20%折扣。若需購買這些票種，請前往車站詢問處進行購買和查詢,,
FALSE,票據,優待票種,您是幫助人們查找資訊的 AI 助手。提供詳細的答案，以便使用者無需在外部搜索即可瞭解答案。,我要買半票,桃園捷運提供不同類型的優惠票，包括敬老票、兒童票、愛心票等。這些票種通常需要提供相關證明文件。敬老票定價為一般單程票的50%折扣，兒童票定價為一般單程票的20%折扣。若需購買這些票種，請前往車站詢問處進行購買和查詢,,
FALSE,票據,團體票,您是幫助人們查找資訊的 AI 助手。提供詳細的答案，以便使用者無需在外部搜索即可瞭解答案。,有賣團體票嗎？,是的，桃園捷運提供團體票。,"畫面顯示：桃捷官網 - 票價與票種 - 團體票
 https://www.tymetro.com.tw/tymetro-new/tw/_pages/travel-guide/ticketson02.php",
FALSE,票據,團體票,您是幫助人們查找資訊的 AI 助手。提供詳細的答案，以便使用者無需在外部搜索即可瞭解答案。,怎麼買團體票？,"購票處：可於車站詢問處進行購票。
支付方式：接受現金、信用卡（VISA、Mastercard、JCB、銀聯）、NFC行動支付（Apple Pay、Samsung Pay、Google Pay）以及電子支付和第三方支付（LINE Pay、一卡通MONEY、街口支付、支付寶）。","畫面顯示：桃捷官網 - 票價與票種 - 團體票
 https://www.tymetro.com.tw/tymetro-new/tw/_pages/travel-guide/ticketson02.php",
FALSE,票據,團體票,您是幫助人們查找資訊的 AI 助手。提供詳細的答案，以便使用者無需在外部搜索即可瞭解答案。,我要怎麼買團體票？,"購票處：可於車站詢問處進行購票。
支付方式：接受現金、信用卡（VISA、Mastercard、JCB、銀聯）、NFC行動支付（Apple Pay、Samsung Pay、Google Pay）以及電子支付和第三方支付（LINE Pay、一卡通MONEY、街口支付、支付寶）。","畫面顯示：桃捷官網 - 票價與票種 - 團體票
 https://www.tymetro.com.tw/tymetro-new/tw/_pages/travel-guide/ticketson02.php",
FALSE,票據,定期票,您是幫助人們查找資訊的 AI 助手。提供詳細的答案，以便使用者無需在外部搜索即可瞭解答案。,請問定期票怎麼買?,"根據桃園捷運的官方網站，購買定期票的方式如下：

定期票的購買可以在桃園捷運的車站詢問處進行。
您可以使用現金、信用卡（VISA、Mastercard、JCB、銀聯）或行動支付（Apple Pay、Samsung Pay、Google Pay）等方式進行支付。
詳細的定期票類型和價格信息可以在車站詢問處獲得。","畫面顯示：桃捷官網 - 票價與票種 - 定期票
 https://www.tymetro.com.tw/tymetro-new/tw/_pages/travel-guide/ticketson03.php",
FALSE,票據,購票,您是幫助人們查找資訊的 AI 助手。提供詳細的答案，以便使用者無需在外部搜索即可瞭解答案。,怎麼買單程票/票？,您可以在桃園捷運的各車站自動售票機上購買單程票。購票過程包括選擇語言、選擇目的地及票數、投入現金並收取單程票及找零。,"畫面顯示：桃捷官網 - 乘車指南 - 乘車方法
 https://www.tymetro.com.tw/tymetro-new/tw/_pages/travel-guide/usage.html",
FALSE,票據,購票,您是幫助人們查找資訊的 AI 助手。提供詳細的答案，以便使用者無需在外部搜索即可瞭解答案。,哪裡可以買單程票/票?,您可以在桃園捷運的各車站自動售票機上購買單程票。購票過程包括選擇語言、選擇目的地及票數、投入現金並收取單程票及找零。,"畫面顯示：桃捷官網 - 乘車指南 - 乘車方法
 https://www.tymetro.com.tw/tymetro-new/tw/_pages/travel-guide/usage.html",
FALSE,票據,購票,您是幫助人們查找資訊的 AI 助手。提供詳細的答案，以便使用者無需在外部搜索即可瞭解答案。,我要怎麼買單程票/票？,您可以在桃園捷運的各車站自動售票機上購買單程票。購票過程包括選擇語言、選擇目的地及票數、投入現金並收取單程票及找零。,"畫面顯示：桃捷官網 - 乘車指南 - 乘車方法
 https://www.tymetro.com.tw/tymetro-new/tw/_pages/travel-guide/usage.html",
FALSE,票據,加值,您是幫助人們查找資訊的 AI 助手。提供詳細的答案，以便使用者無需在外部搜索即可瞭解答案。,怎麼加值？,桃園捷運車站的售卡加值機可用於加值一卡通、悠遊卡等票證。加值過程包括選擇語言、選擇服務項目（加值或售卡）、投入加值金額（不提供找零服務）並收取票卡及收據。,"畫面顯示：桃捷官網 - 乘車指南 - 乘車方法
 https://www.tymetro.com.tw/tymetro-new/tw/_pages/travel-guide/usage.html",
FALSE,票據,加值,您是幫助人們查找資訊的 AI 助手。提供詳細的答案，以便使用者無需在外部搜索即可瞭解答案。, 一卡通\悠遊卡\卡怎麼加值/儲值？,桃園捷運車站的售卡加值機可用於加值一卡通、悠遊卡等票證。加值過程包括選擇語言、選擇服務項目（加值或售卡）、投入加值金額（不提供找零服務）並收取票卡及收據。,"畫面顯示：桃捷官網 - 乘車指南 - 乘車方法
 https://www.tymetro.com.tw/tymetro-new/tw/_pages/travel-guide/usage.html",
FALSE,票據,加值,您是幫助人們查找資訊的 AI 助手。提供詳細的答案，以便使用者無需在外部搜索即可瞭解答案。,我只有零錢可以加值?,桃園捷運車站的售卡加值機可用於加值一卡通、悠遊卡等票證。加值過程包括選擇語言、選擇服務項目（加值或售卡）、投入加值金額（不提供找零服務）並收取票卡及收據。,"畫面顯示：桃捷官網 - 乘車指南 - 乘車方法
 https://www.tymetro.com.tw/tymetro-new/tw/_pages/travel-guide/usage.html",
FALSE,站務問題,WI-FI,您是幫助人們查找資訊的 AI 助手。提供詳細的答案，以便使用者無需在外部搜索即可瞭解答案。,\. 這裡有wifi/網路嗎？,"根據桃園捷運官方網站提供的資訊，桃園捷運在車站公共區域和列車內提供免費Wi-Fi服務。您可以選擇以下服務名稱 (SSID) 以開始使用：
「TyMetro」：所有車站。
「Tymetro-WiFi1」：列車中的第1節和第2節車廂。
「Tymetro-WiFi2」：列車中的第3節和第4節車廂",,
FALSE,站務問題,WI-FI,您是幫助人們查找資訊的 AI 助手。提供詳細的答案，以便使用者無需在外部搜索即可瞭解答案。, 這裡有免費的wifi/網路嗎？,"根據桃園捷運官方網站提供的資訊，桃園捷運在車站公共區域和列車內提供免費Wi-Fi服務。您可以選擇以下服務名稱 (SSID) 以開始使用：
「TyMetro」：所有車站。
「Tymetro-WiFi1」：列車中的第1節和第2節車廂。
「Tymetro-WiFi2」：列車中的第3節和第4節車廂",,
FALSE,站務問題,遺失物,您是幫助人們查找資訊的 AI 助手。提供詳細的答案，以便使用者無需在外部搜索即可瞭解答案。, 東西不見了要去哪裡找？,"若您遺失物品，可以前往桃園捷運車站的資訊處或遺失物品中心填寫遺失物品表格，或撥打遺失物品中心尋求幫助。
遺失物品中心位於桃園捷運A11坑口站2樓大廳層（桃園市蘆竹區坑國路460號），服務時間為週一至週日，12:00至20:00。","畫面顯示：桃捷官網 - 旅客服務 - 遺失物查詢
 https://www.tymetro.com.tw/tymetro-new/tw/_pages/service/lostcenter.php",
FALSE,站務問題,遺失物,您是幫助人們查找資訊的 AI 助手。提供詳細的答案，以便使用者無需在外部搜索即可瞭解答案。, 撿到遺失物品怎麼辦？,"若您撿到別人的遺失物品，請將其交給車站工作人員處理，並填寫遺失物品表格。若要申領遺失物品，必須提供證明您是物品擁有者的證據。若申領者非物品擁有者，則需攜帶代領人及物品擁有者的身份證原件，以及遺失物品領取委託書。
遺失物品中心位於桃園捷運A11坑口站2樓大廳層（桃園市蘆竹區坑國路460號），服務時間為週一至週日，12:00至20:00。","畫面顯示：桃捷官網 - 旅客服務 - 遺失物查詢
 https://www.tymetro.com.tw/tymetro-new/tw/_pages/service/lostcenter.php",
FALSE,站務問題,交易紀錄,您是幫助人們查找資訊的 AI 助手。提供詳細的答案，以便使用者無需在外部搜索即可瞭解答案。, 哪裡可以查詢卡片（一卡通、悠遊卡、電子票證）的交易紀錄？,"悠遊卡的交易紀錄可在悠遊卡交易查詢網站查詢，目前開放查詢的範圍是當日前三天至前三個月的紀錄。若有問題，可聯繫悠遊卡24小時客服專線：412-8880（手機及金馬地區請加02）​​。
一卡通的交易紀錄可在一卡通交易查詢網站查詢，查詢範圍同樣為當日前三天至前三個月。如有問題，可聯繫一卡通服務專線：(07)791-2000​​。
icash 2.0的交易紀錄可在icash 2.0交易查詢網站查詢，查詢範圍與上述相同。如有問題，請聯繫愛金卡24小時客服專線：0800-233-888（手機請撥02-2657-6388）​​。","畫面顯示：桃捷官網 - 常見問題 - 車票及票證規定/交易紀錄查詢
 https://www.tymetro.com.tw/tymetro-new/tw/_pages/service/FAQ.php?v=28#station",
FALSE,站務問題,交易紀錄,您是幫助人們查找資訊的 AI 助手。提供詳細的答案，以便使用者無需在外部搜索即可瞭解答案。, 哪裡可以查詢進出站的交易紀錄？,"旅客可利用桃園捷運車站的「車票餘額查詢機」查詢所持票卡最近6筆交易紀錄。
非最近6筆交易紀錄的查詢則需至車站詢問處填單辦理。若需申請查詢6個月以前的票卡書面交易紀錄，將收取查詢手續費新台幣20元，每多一頁加收5元​","畫面顯示：桃捷官網 - 常見問題 - 車票及票證規定/交易紀錄查詢
 https://www.tymetro.com.tw/tymetro-new/tw/_pages/service/FAQ.php?v=28#station",
FALSE,站務問題,販售儲值卡片,您是幫助人們查找資訊的 AI 助手。提供詳細的答案，以便使用者無需在外部搜索即可瞭解答案。, 哪裡可以買一卡通/悠遊卡/儲值卡片?,您可以在桃園捷運車站的售卡加值機或車站的資訊櫃檯購買一卡通、悠遊卡等儲值卡片,"畫面顯示：桃捷官網 - 乘車指南 - 乘車方法
 https://www.tymetro.com.tw/tymetro-new/tw/_pages/travel-guide/usage.html",
FALSE,站務問題,販售儲值卡片,您是幫助人們查找資訊的 AI 助手。提供詳細的答案，以便使用者無需在外部搜索即可瞭解答案。, 怎麼買一卡通/悠遊卡/儲值卡片?,您可以在桃園捷運車站的售卡加值機或車站的資訊櫃檯購買一卡通、悠遊卡等儲值卡片,"畫面顯示：桃捷官網 - 乘車指南 - 乘車方法
 https://www.tymetro.com.tw/tymetro-new/tw/_pages/travel-guide/usage.html",
FALSE,站務問題,過閘（進站）方式,您是幫助人們查找資訊的 AI 助手。提供詳細的答案，以便使用者無需在外部搜索即可瞭解答案。, 可以用信用卡進月台嗎？,"
桃園捷運接受包括VISA、Mastercard、銀聯、JCB等信用卡作為乘車支付方式。","畫面顯示：桃捷官網 - 票價與票種
 https://www.tymetro.com.tw/tymetro-new/tw/_pages/travel-guide/ticket.php",
FALSE,站務問題,過閘（進站）方式,您是幫助人們查找資訊的 AI 助手。提供詳細的答案，以便使用者無需在外部搜索即可瞭解答案。, 可以用行動支付進月台嗎？,桃園捷運支持包括LINE Pay、一卡通MONEY、支付寶等行動支付方式。,"畫面顯示：桃捷官網 - 票價與票種
 https://www.tymetro.com.tw/tymetro-new/tw/_pages/travel-guide/ticket.php",
FALSE,站務問題,過閘（進站）方式,您是幫助人們查找資訊的 AI 助手。提供詳細的答案，以便使用者無需在外部搜索即可瞭解答案。, 可以用悠遊卡/一卡通進月台嗎？,桃園捷運支持悠遊卡、一卡通和icash 2.0等電子票證。,"畫面顯示：桃捷官網 - 票價與票種
 https://www.tymetro.com.tw/tymetro-new/tw/_pages/travel-guide/ticket.php",
FALSE,站務問題,過閘（進站）方式,您是幫助人們查找資訊的 AI 助手。提供詳細的答案，以便使用者無需在外部搜索即可瞭解答案。,我可以使用悠遊卡/一卡通/愛金卡/遠鑫卡嗎?,桃園捷運支持悠遊卡、一卡通和icash 2.0等電子票證。,"畫面顯示：桃捷官網 - 票價與票種
 https://www.tymetro.com.tw/tymetro-new/tw/_pages/travel-guide/ticket.php",
FALSE,站務問題,過閘（進站）方式,您是幫助人們查找資訊的 AI 助手。提供詳細的答案，以便使用者無需在外部搜索即可瞭解答案。,我可以使用line pay/街口支付/google pay/ samsung pay/ apple pay/ 悠遊付/ 支付寶嗎?,桃園捷運接受,"畫面顯示：桃捷官網 - 票價與票種
 https://www.tymetro.com.tw/tymetro-new/tw/_pages/travel-guide/ticket.php",
FALSE,站務問題,過閘（進站）方式,您是幫助人們查找資訊的 AI 助手。提供詳細的答案，以便使用者無需在外部搜索即可瞭解答案。,我可以使用信用卡嗎?,桃園捷運接受信用卡作為支付方式。,"畫面顯示：桃捷官網 - 票價與票種
 https://www.tymetro.com.tw/tymetro-new/tw/_pages/travel-guide/ticket.php",
FALSE,站務問題,桃園大眾捷運系統旅客須知 ,你是一個樂於助人的助手，總是提供解釋。想想你是在回答一個五歲的孩子。, 可不可以在車廂做『事情名稱』嗎？,在捷運範圍內，不得有影響自己或他人安全的行為、使用滑板等類似器材、在車站或車廂內吸菸或吸食電子菸等。具體可不可以進行的活動需依照事情的性質判斷，如有疑問，可參考桃園捷運的旅客須知或向站務人員詢問。,"畫面顯示：桃捷官網 - 乘車指南 - 旅客須知（桃園大眾捷運系統旅客須知）
 https://www.tymetro.com.tw/tymetro-new/tw/_pages/travel-guide/notice.html#notice01",
FALSE,站務問題,桃園大眾捷運系統旅客須知 ,你是一個樂於助人的助手，總是提供解釋。想想你是在回答一個五歲的孩子。, 可不可以在捷運站做『事情名稱』嗎？,在捷運範圍內，不得有影響自己或他人安全的行為、使用滑板等類似器材、在車站或車廂內吸菸或吸食電子菸等。具體可不可以進行的活動需依照事情的性質判斷，如有疑問，可參考桃園捷運的旅客須知或向站務人員詢問。,"畫面顯示：桃捷官網 - 乘車指南 - 旅客須知（桃園大眾捷運系統旅客須知）
 https://www.tymetro.com.tw/tymetro-new/tw/_pages/travel-guide/notice.html#notice01",
FALSE,站務問題,桃園大眾捷運系統旅客須知 ,你是一個樂於助人的助手，總是提供解釋。想想你是在回答一個五歲的孩子。, 可不可以帶寵物進車廂嗎？,可以攜帶寵物進入站區或車輛內，但需裝於寵物箱、寵物車、小籠或小容器內，且每位購票旅客限攜帶一件。,"畫面顯示：桃捷官網 - 乘車指南 - 旅客須知（桃園大眾捷運系統旅客須知）
 https://www.tymetro.com.tw/tymetro-new/tw/_pages/travel-guide/notice.html#notice01",
FALSE,站務問題,桃園大眾捷運系統旅客須知 ,你是一個樂於助人的助手，總是提供解釋。想想你是在回答一個五歲的孩子。, 什麼不可以帶進去車廂？,不得攜帶危險品或易燃物品進入捷運範圍，包括各種刀具、槍械、彈藥、易燃液體、易爆物品等。此外，對於攜帶的物品大小也有規定，不得影響他人或捷運系統的運作。,"畫面顯示：桃捷官網 - 乘車指南 - 旅客須知（桃園大眾捷運系統旅客須知）
 https://www.tymetro.com.tw/tymetro-new/tw/_pages/travel-guide/notice.html#notice01",
FALSE,站務問題,桃園大眾捷運系統旅客須知 ,你是一個樂於助人的助手，總是提供解釋。想想你是在回答一個五歲的孩子。, 什麼不可以帶進去捷運站？,不得攜帶危險品或易燃物品進入捷運範圍，包括各種刀具、槍械、彈藥、易燃液體、易爆物品等。此外，對於攜帶的物品大小也有規定，不得影響他人或捷運系統的運作。,"畫面顯示：桃捷官網 - 乘車指南 - 旅客須知（桃園大眾捷運系統旅客須知）
 https://www.tymetro.com.tw/tymetro-new/tw/_pages/travel-guide/notice.html#notice01",
FALSE,站務問題,自行車,您是幫助人們查找資訊的 AI 助手。提供詳細的答案，以便使用者無需在外部搜索即可瞭解答案。, 哪個車廂開放腳踏車/自行車？,攜帶自行車的旅客僅限搭乘普通車，並僅限於普通車第一節車廂的1-1車門及1-2車門，以及最後一節車廂的4-2車門及4-3車門區域進出與停放。,"畫面顯示：桃捷官網 - 乘車指南 - 旅客須知（自行車搭乘捷運應行注意事項）
 https://www.tymetro.com.tw/tymetro-new/tw/_pages/travel-guide/notice.html#notice02",
FALSE,站務問題,自行車,您是幫助人們查找資訊的 AI 助手。提供詳細的答案，以便使用者無需在外部搜索即可瞭解答案。, 哪個捷運站開放腳踏車/自行車？,除A12機場第一航廈站、A13機場第二航廈站、A14a機場旅館站外，其他車站均開放自行車進出及轉乘。,"畫面顯示：桃捷官網 - 乘車指南 - 旅客須知（自行車搭乘捷運應行注意事項）
 https://www.tymetro.com.tw/tymetro-new/tw/_pages/travel-guide/notice.html#notice02",
FALSE,站務問題,自行車,您是幫助人們查找資訊的 AI 助手。提供詳細的答案，以便使用者無需在外部搜索即可瞭解答案。, 腳踏車/自行車的進出車站動線？,旅客需避免使用電扶梯，可使用樓梯、電梯（每次使用最多限2輛自行車）及無障礙坡道，並僅可牽行不可騎乘或滑乘。,"畫面顯示：桃捷官網 - 乘車指南 - 旅客須知（自行車搭乘捷運應行注意事項）
 https://www.tymetro.com.tw/tymetro-new/tw/_pages/travel-guide/notice.html#notice02",
FALSE,站務問題,列車中斷、補償,您是幫助人們查找資訊的 AI 助手。提供詳細的答案，以便使用者無需在外部搜索即可瞭解答案。, 如果列車中斷的補償是什麼？,列車運行中斷時，電子票證及回數票的旅客可於下次進站時免費更正車票資料。單程票及團體票的旅客則可在7天內至車站詢問處請求退還全部票價。,"畫面顯示：桃捷官網 - 乘車指南 - 旅客須知（列車運行中斷旅客退費暨受困補償要點）
 https://www.tymetro.com.tw/tymetro-new/tw/_pages/travel-guide/notice.html#notice03",
FALSE,站務問題,列車中斷、補償,您是幫助人們查找資訊的 AI 助手。提供詳細的答案，以便使用者無需在外部搜索即可瞭解答案。, 在列車/電梯上受困的補償是什麼？,旅客若在列車或電梯上受困10分鐘以上，可依受困時間的長度獲得不同數量的一次票補償。例如，受困10分鐘以上未滿20分鐘者，可獲得一次票1張；受困60分鐘以上者，每增加15分鐘可加發一次票3張，未滿15分鐘以15分鐘計。,"畫面顯示：桃捷官網 - 乘車指南 - 旅客須知（列車運行中斷旅客退費暨受困補償要點）
 https://www.tymetro.com.tw/tymetro-new/tw/_pages/travel-guide/notice.html#notice03",
FALSE,站務問題,出口資訊,您是幫助人們查找資訊的 AI 助手。提供詳細的答案，以便使用者無需在外部搜索即可瞭解答案。, 出口在哪裡？,"出口的位置詳細描述可在桃園捷運的官網上找到。例如，台北車站的出口資訊如下：

出口1: 市民大道台北地下街出口Y12西面
出口2: 市民大道台北地下街出口Y18東面
出口3: 市民大道與重慶北路一段交叉口東南面
出口4: 重慶北路一段與北平西路交叉口東北面
出口5: 市民大道與重慶北路一段交叉口西南面
出口6: 市民大道近延平北路交叉東南面
出口7: 延平北路近市民大道交叉東南面

若需更多具體站點的出口資訊，建議直接訪問桃園捷運的官網查閱各站的出口資訊。","畫面顯示：桃捷官網車站資訊頁面 - 車站立體圖
 https://www.tymetro.com.tw/tymetro-new/upload/station/20211207114900_1.png",需要知道目前在哪個站，會根據每個站有不同的立體圖
FALSE,站務問題,出口資訊,您是幫助人們查找資訊的 AI 助手。提供詳細的答案，以便使用者無需在外部搜索即可瞭解答案。, 最近的出口在哪裡？,"確定最近出口的位置需要考量目前所處的具體位置與各出口間的相對距離。通常捷運站內會有指示牌指引至最近的出口。
若需更多具體站點的出口資訊，建議直接訪問桃園捷運的官網查閱各站的出口資訊。","畫面顯示：桃捷官網車站資訊頁面 - 車站立體圖
 https://www.tymetro.com.tw/tymetro-new/upload/station/20211207114900_1.png",
FALSE,站務問題,出口資訊,您是幫助人們查找資訊的 AI 助手。提供詳細的答案，以便使用者無需在外部搜索即可瞭解答案。, 這個捷運站有幾個出口？,"以台北車站為例，共有7個出口（出口1至出口7）。

若需更多具體站點的出口資訊，建議直接訪問桃園捷運的官網查閱各站的出口資訊。","畫面顯示：桃捷官網車站資訊頁面 - 車站立體圖
 https://www.tymetro.com.tw/tymetro-new/upload/station/20211207114900_1.png",
FALSE,站務問題,出口景點資訊 ,您是幫助人們查找資訊的 AI 助手。提供詳細的答案，以便使用者無需在外部搜索即可瞭解答案。, 如果要去『捷運站附近的景點名稱』要走哪個出口？,需要知道目前在哪個站,"畫面顯示：桃捷車站資訊頁面 - 出口資訊
 https://www.tymetro.com.tw/tymetro-new/tw/_pages/travel-guide/A18#export",需要知道目前在哪個站，會根據每個站有不同的語音/不同的車站資訊頁面
FALSE,站務問題,乘車方法,您是幫助人們查找資訊的 AI 助手。提供詳細的答案，以便使用者無需在外部搜索即可瞭解答案。, 怎麼坐捷運？,"根據桃園捷運官網上的乘車指南，坐捷運的基本步驟如下：

購買車票：使用自動售票機購買單程票或儲值票卡。選擇語言、目的地及票數，投入現金，然後領取單程票和找零。

進出付費區：進站時，持儲值票或單程票的乘客需將票卡輕觸自動收費閘門的感應區，待閘門開啟後通行。出站時，持儲值票的乘客同樣輕觸感應區通行；持單程票的乘客需將票卡輕觸感應區後投入自動收費閘門的回收孔。

詢問處：提供單程票、儲值票卡和團體票的購買及加值服務。若有其他問題或需求，可向詢問處人員求助。

這些步驟提供了基本的捷運乘車指南，適用於桃園捷運系統。更詳細的信息和指南可以在桃園捷運的官方網站上找到。","畫面顯示：桃捷官網 - 乘車指南 - 乘車方法
 https://www.tymetro.com.tw/tymetro-new/tw/_pages/travel-guide/usage.html",
FALSE,站務問題,列車介紹,你是一個樂於助人的助手，總是提供解釋。想想你是在回答一個五歲的孩子。, 可以介紹捷運列車嗎？,"捷運有兩種列車：

直達車：這種列車的顏色是紫色，有五節車廂，其中四節是旅客車廂，另一節是行李車廂。直達車座位是橫向的，每個座位都有USB充電孔，還有空間放小型行李。直達車會停靠特定的車站，如台北車站、新北產業園區站等。

普通車：普通車的顏色是藍色，有四節車廂，全部都是旅客車廂。普通車座位是縱向的，共有188個座位。這種車也設計了行李架，並在頭尾車廂提供無線充電座。

這兩種列車都設計得很方便，可以滿足不同乘客的需求。更詳細的介紹可以在官網上找到。","畫面顯示：桃捷官網 - 乘車指南 - 站務介紹
 https://www.tymetro.com.tw/tymetro-new/tw/_pages/travel-guide/introduce.html",
FALSE,站務問題,安全設備,您是幫助人們查找資訊的 AI 助手。提供詳細的答案，以便使用者無需在外部搜索即可瞭解答案。, 車站內的安全設備在哪裡？,"根據桃園捷運站的安全設備介紹，以下是對您的問題的詳細回答：

車站緊急停車按鈕：位於各月台，每個月台設有兩座緊急停車按鈕。當有人闖入軌道或不慎掉落時，可使用此裝置阻止列車進站​​。
緊急通話按鈕：設於電梯、電扶梯、緊急停車按鈕旁，以及緊急跳脫箱體內。乘客遇到緊急狀況時可按下按鈕與站務人員聯絡​​。
緊急逃生門：位於地下及高架車站的各樓層，設有直達地面的逃生通道和逃生門。在無法通過正常出口離開車站的緊急情況下，可推開逃生門疏散​​。
電扶梯緊急停止按鈕：位於電扶梯上下乘場立柱。若電扶梯較長，則在中間外側旁立柱上增設。按下按鈕後，電扶梯將停止運作​​。
月台下避難空間：位於月台外，月台下的混凝土支撐構面。當人員不慎跌入月台軌道時，可側身躲入該空間避難","畫面顯示：桃捷官網 - 乘車指南 - 安全設備
 https://www.tymetro.com.tw/tymetro-new/tw/_pages/travel-guide/safety.html",
FALSE,站務問題,安全設備,您是幫助人們查找資訊的 AI 助手。提供詳細的答案，以便使用者無需在外部搜索即可瞭解答案。, 車廂內的安全設備在哪裡？,"根據桃園捷運站的安全設備介紹，以下是對您的問題的詳細回答：

車內緊急開門把手：位於每扇車門右側。發生緊急狀況時，乘客可手動開啟車門​​。
旅客緊急對講機：設置於車門左側，以對角線方式布置，每節車廂共有三具。用於與司機員進行緊急通訊​​。
滅火器：車廂兩端各設置一具滅火器。在火災發生時，乘客可使用滅火器撲滅火勢​​。
AED自動體外心臟去顫器：設置於車頭一具。當有旅客昏迷時，可用AED進行急救​","畫面顯示：桃捷官網 - 乘車指南 - 安全設備
 https://www.tymetro.com.tw/tymetro-new/tw/_pages/travel-guide/safety.html",
FALSE,站務問題,安全設備,您是幫助人們查找資訊的 AI 助手。提供詳細的答案，以便使用者無需在外部搜索即可瞭解答案。, 『安全設備名稱』在哪裏？,"根據桃園捷運站的安全設備介紹，以下是對您的問題的詳細回答：

車內緊急開門把手：位於每扇車門右側。發生緊急狀況時，乘客可手動開啟車門​​。
旅客緊急對講機：設置於車門左側，以對角線方式布置，每節車廂共有三具。用於與司機員進行緊急通訊​​。
滅火器：車廂兩端各設置一具滅火器。在火災發生時，乘客可使用滅火器撲滅火勢​​。
AED自動體外心臟去顫器：設置於車頭一具。當有旅客昏迷時，可用AED進行急救​","畫面顯示：桃捷官網 - 乘車指南 - 安全設備
 https://www.tymetro.com.tw/tymetro-new/tw/_pages/travel-guide/safety.html",
FALSE,站務問題,旅客協尋,您是幫助人們查找資訊的 AI 助手。提供詳細的答案，以便使用者無需在外部搜索即可瞭解答案。, 我的小孩/父母/親人/家人不見了,請前往詢問處找真人站務員處理，如果此站並無真人站務員請尋找保全處理！或是聯絡公司客服電話(03)2868789代為協尋。,,
FALSE,站務問題,旅客協尋,您是幫助人們查找資訊的 AI 助手。提供詳細的答案，以便使用者無需在外部搜索即可瞭解答案。,我跟小孩/父母/親人/家人走散了,請前往詢問處找真人站務員處理，如果此站並無真人站務員請尋找保全處理！或是聯絡公司客服電話(03)2868789代為協尋。,,
FALSE,站務問題,旅客協尋,您是幫助人們查找資訊的 AI 助手。提供詳細的答案，以便使用者無需在外部搜索即可瞭解答案。,我的小孩/父母/親人/家人走失了,請前往詢問處找真人站務員處理，如果此站並無真人站務員請尋找保全處理！或是聯絡公司客服電話(03)2868789代為協尋。,,
FALSE,站務問題,無障礙服務,您是幫助人們查找資訊的 AI 助手。提供詳細的答案，以便使用者無需在外部搜索即可瞭解答案。, 車廂內有哪些無障礙設施？,"根據桃園捷運官方網站提供的信息，以下是關於車廂內的無障礙設施的詳細介紹：
輪椅停靠及固定設施：設置於每節車廂的特定車門位置（1-3、2-3、3-1、4-1），提供輪椅停靠固定區，以及無障礙標誌、緊急對講機和扶手","畫面顯示：桃捷官網 - 乘車指南 - 無障礙服務
 https://www.tymetro.com.tw/tymetro-new/tw/_pages/travel-guide/accessible.html",
FALSE,站務問題,無障礙服務,您是幫助人們查找資訊的 AI 助手。提供詳細的答案，以便使用者無需在外部搜索即可瞭解答案。, 車站內有哪些無障礙設施？,"根據桃園捷運官方網站提供的信息，以下是關於車站的無障礙設施的詳細介紹：
車站內的無障礙設施：

詢問處：提供敬老愛心優惠票發售、輪椅借用服務和視障旅客引導服務​​。
無障礙廁所：設有供行動不便者使用的輔助設備，如無障礙小便斗及專用廁間​​。
止滑條及紅黃弱視導引貼紙：設置於樓梯梯級前緣，以防止滑倒和協助弱視者辨識地坪高低差​​。
點狀警示磚：鋪設於危險區域（如樓梯起訖端、月台邊緣）及重要設施（如電梯呼叫鈕前方）​​。
電動輪椅充電座：設置於車站，提供電動輪椅充電服務​​。
輪椅專屬候車區：對應輪椅固定區設置，以便站務人員協助輪椅使用者上下車​​。
無障礙電梯：設計考慮輪椅、年長者等行動不便者需求，內設點字操作盤、語音系統等​​。
無障礙自動收費閘門：方便輪椅、嬰兒車等通行，設有服務鈴以聯繫站務人員​​。
車站外的無障礙設施：

無障礙指引標誌：設置於車站外的無障礙通道旁，引導行動不便者使用無障礙坡道​​。
無障礙坡道：設置於車站內外的高差處，以利行動不便者進出車站​​。
無障礙停車場：設有轉乘停車場的車站，無障礙停車位位於鄰近車站出入口處​​。","畫面顯示：桃捷官網 - 乘車指南 - 無障礙服務
 https://www.tymetro.com.tw/tymetro-new/tw/_pages/travel-guide/accessible.html",
FALSE,站務問題,無障礙服務,您是幫助人們查找資訊的 AI 助手。提供詳細的答案，以便使用者無需在外部搜索即可瞭解答案。, 車站外有哪些無障礙設施？,"根據桃園捷運官方網站提供的信息，以下是關於車站的無障礙設施的詳細介紹：
車站內的無障礙設施：

詢問處：提供敬老愛心優惠票發售、輪椅借用服務和視障旅客引導服務​​。
無障礙廁所：設有供行動不便者使用的輔助設備，如無障礙小便斗及專用廁間​​。
止滑條及紅黃弱視導引貼紙：設置於樓梯梯級前緣，以防止滑倒和協助弱視者辨識地坪高低差​​。
點狀警示磚：鋪設於危險區域（如樓梯起訖端、月台邊緣）及重要設施（如電梯呼叫鈕前方）​​。
電動輪椅充電座：設置於車站，提供電動輪椅充電服務​​。
輪椅專屬候車區：對應輪椅固定區設置，以便站務人員協助輪椅使用者上下車​​。
無障礙電梯：設計考慮輪椅、年長者等行動不便者需求，內設點字操作盤、語音系統等​​。
無障礙自動收費閘門：方便輪椅、嬰兒車等通行，設有服務鈴以聯繫站務人員​​。
車站外的無障礙設施：

無障礙指引標誌：設置於車站外的無障礙通道旁，引導行動不便者使用無障礙坡道​​。
無障礙坡道：設置於車站內外的高差處，以利行動不便者進出車站​​。
無障礙停車場：設有轉乘停車場的車站，無障礙停車位位於鄰近車站出入口處​​。","畫面顯示：桃捷官網 - 乘車指南 - 無障礙服務
 https://www.tymetro.com.tw/tymetro-new/tw/_pages/travel-guide/accessible.html",
FALSE,站務問題,車站簡介,您是幫助人們查找資訊的 AI 助手。提供詳細的答案，以便使用者無需在外部搜索即可瞭解答案。, 這裡是哪個捷運站？,可以找站務人員呦,"畫面顯示：桃捷官網車站資訊頁面
 https://www.tymetro.com.tw/tymetro-new/tw/_pages/travel-guide/A18",
FALSE,站務問題,車站簡介,你是一個樂於助人的助手，總是提供解釋。想想你是在回答一個五歲的孩子。, 可以介紹一下車站？,可以找站務人員呦,"畫面顯示：桃捷官網車站資訊頁面
 https://www.tymetro.com.tw/tymetro-new/tw/_pages/travel-guide/A18",
FALSE,站務問題,行李,您是幫助人們查找資訊的 AI 助手。提供詳細的答案，以便使用者無需在外部搜索即可瞭解答案。, 哪裡可以托運行李？,目前只有在A1站有提供行李托運服務！每個車廂內也都有規劃行李放置區！,,
FALSE,站務問題,行李,您是幫助人們查找資訊的 AI 助手。提供詳細的答案，以便使用者無需在外部搜索即可瞭解答案。, 車廂內可以放行李嗎？,我建議您直接聯繫桃園捷運的客服專線：(03)286-8789，以獲得最準確的資訊。希望這對您有所幫助！,,
FALSE,站務問題,市區預辦登機服務,您是幫助人們查找資訊的 AI 助手。提供詳細的答案，以便使用者無需在外部搜索即可瞭解答案。, 要怎麼預辦登機？,"在桃園捷運的官方網站上，有提供市區預辦登機的服務¹。以下是預辦登機的流程：

1. 旅客帶著要預掛的行李，前往機捷A1臺北車站或A3新北產業園區站預辦登機區¹。
2. 旅客可以選擇以下兩種方式辦理：
    - 持機票與護照到航空公司櫃檯辦理報到手續並將托運行李交由櫃台人員。
    - 利用自助報到機台辦理報到手續，再使用自助行李托運機台交付行李。
3. 旅客確認托運行李通過X光機安檢,即可離開預辦登機區¹。
4. 托運行李經由捷運直達車運送至A13機場第二航廈站進行分揀,即會裝載於機艙。
5. 旅客依據航班選擇適當時間搭乘捷運列車至桃園機場登機。

服務地點：
- 桃園捷運機場捷運線 A1臺北車站B1預辦登機區06:00~21:30
- A3新北產業園區站1F預辦登機區06:15~21:00¹

請注意，依旅客搭乘之航班時間，於班機起飛前3小時停止辦理預辦登機手續。航空公司櫃台服務時間因應個別航班而定，故使用其服務前，請先向有關航空公司查詢。","畫面顯示：桃捷官網市區預辦登機 - 服務簡介
 https://www.tymetro.com.tw/tymetro-new/tw/_pages/checkin/index.php",
FALSE,站務問題,計程車服務,您是幫助人們查找資訊的 AI 助手。提供詳細的答案，以便使用者無需在外部搜索即可瞭解答案。, 有沒有配合的計程車服務嗎？,我建議您直接聯繫桃園捷運的客服專線：(03)286-8789，以獲得最準確的資訊,"畫面顯示：桃捷車站資訊頁面 - 轉乘與停車資訊（計程車資訊）
 https://www.tymetro.com.tw/tymetro-new/tw/_pages/travel-guide/A18",需要知道目前在哪個站，會根據每個站有不同的語音
FALSE,站務問題,計程車服務,您是幫助人們查找資訊的 AI 助手。提供詳細的答案，以便使用者無需在外部搜索即可瞭解答案。,哪裡有計程車?,我建議您直接聯繫桃園捷運的客服專線：(03)286-8789，以獲得最準確的資訊,"畫面顯示：桃捷車站資訊頁面 - 轉乘與停車資訊（計程車資訊）
 https://www.tymetro.com.tw/tymetro-new/tw/_pages/travel-guide/A18",